https://play.google.com/store/apps/details?id=org.hempuli.baba,Baba Is You
https://play.google.com/store/apps/details?id=com.IceCubeGame.CarCops,Car Cops
https://play.google.com/store/apps/details?id=com.longhorn.countmasterevo	Crowd Evolution!
https://play.google.com/store/apps/details?id=com.watchfacestudio.windigitalblack	Digital Mod Black watchface
https://play.google.com/store/apps/details?id=com.wedding.run	Dream Wedding
https://play.google.com/store/apps/details?id=com.square_enix.android_googleplay.FFPR	FINAL FANTASY
https://play.google.com/store/apps/details?id=com.facebook.katana	Facebook
https://play.google.com/store/apps/details?id=com.fitnotesapp.fitnotessupporter	FitNotes Supporter
https://play.google.com/store/apps/details?id=com.bluemonkeystudio.flexiblerun	Flex Run 3D
https://play.google.com/store/apps/details?id=com.playrix.gardenscapes	Gardenscapes
https://play.google.com/store/apps/details?id=com.robtopx.geometryjump	Geometry Dash
https://play.google.com/store/apps/details?id=com.google.earth	Google Earth
https://play.google.com/store/apps/details?id=com.mergegames.cookie	Gossip Harbor: Merge Game
https://play.google.com/store/apps/details?id=com.jackpot.spin.slot.game	Jackpot Spin
https://play.google.com/store/apps/details?id=com.vod.vodcy	Klede
https://play.google.com/store/apps/details?id=com.tjd.tjdmainS2	Lefun Health
https://play.google.com/store/apps/details?id=com.littlecaesars	Little Caesars
https://play.google.com/store/apps/details?id=com.hemzstudios.marbelgame	Marble ASMR
https://play.google.com/store/apps/details?id=com.bagatrix.mathway.android	Mathway
https://play.google.com/store/apps/details?id=com.kiragan.grab	Merge Grabber
https://play.google.com/store/apps/details?id=com.facebook.orca	Messenger
https://play.google.com/store/apps/details?id=com.myhomescreen.sms	Messenger Home - SMS Launcher
https://play.google.com/store/apps/details?id=com.paurau.MakeHer	Move People
https://play.google.com/store/apps/details?id=com.musicplayer.freemusic.musicdownloader.go	Music Downloader & Mp3 Songs
https://play.google.com/store/apps/details?id=com.gotv.nflgamecenter.us.lite	NFL
https://play.google.com/store/apps/details?id=com.overstock	Overstock
https://play.google.com/store/apps/details?id=com.overstock	Overstock - Easy Home Savings
https://play.google.com/store/apps/details?id=com.playgendary.creamaster	Perfect Cream
https://play.google.com/store/apps/details?id=com.bingo.cooler.phonecleaner	Phone Cleaner
https://play.google.com/store/apps/details?id=com.ISAAC.PouringMaster	Pouring Master
https://play.google.com/store/apps/details?id=com.aa.puffup	Puff Up
https://play.google.com/store/apps/details?id=com.reddit.frontpage	Reddit
https://play.google.com/store/apps/details?id=com.finnci.finnci	Rivoxy
https://play.google.com/store/apps/details?id=com.apofiss.sakurastories	Sakura Stories Live Wallpaper
https://play.google.com/store/apps/details?id=com.KChampGames.ShellShockLive	ShellShock Live
https://play.google.com/store/apps/details?id=com.smilerlee.klondike	Solitaire
https://play.google.com/store/apps/details?id=solitaire.collection.klondike.spider.freecell.tripeaks.pyramid.cardgame	Solitaire Collection
https://play.google.com/store/apps/details?id=com.Born2Play.StackyDash	Stacky Dash
https://play.google.com/store/apps/details?id=com.chucklefish.stardewvalley	Stardew Valley
https://play.google.com/store/apps/details?id=com.valvesoftware.android.steam.community	Steam
https://play.google.com/store/apps/details?id=com.VectorUpGames.TallManRun	Tall Man Run
https://play.google.com/store/apps/details?id=com.target.ui	Target
https://play.google.com/store/apps/details?id=com.manabreak.tattooevolution	Tattoo Evolution
https://play.google.com/store/apps/details?id=covariance.com.imagefilter	Tattoo Stencil
https://play.google.com/store/apps/details?id=com.and.games505.TerrariaPaid	Terraria
https://play.google.com/store/apps/details?id=com.thetileapp.tile	Tile
https://play.google.com/store/apps/details?id=com.twitter.android	Twitter
https://play.google.com/store/apps/details?id=com.daon.glide.person.android	VeriFLY
https://play.google.com/store/apps/details?id=co.vine.android	Vine Camera
https://play.google.com/store/apps/details?id=com.media.bestrecorder.audiorecorder	Voice Recorder
https://play.google.com/store/apps/details?id=com.watchfacestudio.dgtsuper22	WIN  Dgt Super 22 MOD
https://play.google.com/store/apps/details?id=com.qidian.Int.reader	Webnovel
https://play.google.com/store/apps/details?id=com.google.android.youtube	YouTube
https://play.google.com/store/apps/details?id=com.zus.zuslo	Zefix
https://play.google.com/store/apps/details?id=com.thezeusnetwork.www	Zeus
https://play.google.com/store/apps/details?id=com.cassette.aquapark	aquapark.io